[{"model": "sessions.session", "pk": "2tru9eogidnj7iv4jzbpxn4hsz7tpomr", "fields": {"session_data": ".eJxVjMEOwiAQRP-FsyELW1A8eu83kAUWqRpISnsy_rtt0oMe5jLvzbyFp3Upfu08-ymJq1Di9NsFik-uO0gPqvcmY6vLPAW5K_KgXY4t8et2uH8HhXrZ1qjZDGbAzAgUrYtWsctbdEDSBGBQmRSIkXMCx2wRrbIRdOKzhYv4fAHejjfA:1vJwAJ:xVQLhpWGVIYwvcw99_OTOzdQo5zrBWsfqSSVr0OWXw0", "expire_date": "2025-11-28T15:56:47.028Z"}}, {"model": "lms.customuser", "fields": {"password": "pbkdf2_sha256$1000000$02cyP8EojljMn3CwsUXBp4$FTvHwJ8F2BabgVyQTOzhSHENxhCU6/fqPMiNgvgveQ8=", "last_login": "2025-11-14T15:56:47.025Z", "is_superuser": true, "username": "admin", "first_name": "", "last_name": "", "email": "admin@yahoo.com", "is_staff": true, "is_active": true, "date_joined": "2025-11-07T13:59:42.813Z", "is_instructor": false, "is_student": false, "bio": "", "profile_image": "", "groups": [], "user_permissions": []}}, {"model": "lms.customuser", "fields": {"password": "pbkdf2_sha256$1000000$BqrDWPUzYfYMPSF9BM09U1$afiwj0+7LSdNfc6XDANL6WsMXfc4uQ15aUyVzCJUS+Q=", "last_login": null, "is_superuser": false, "username": "bob", "first_name": "", "last_name": "", "email": "", "is_staff": false, "is_active": true, "date_joined": "2025-11-08T17:08:15.625Z", "is_instructor": false, "is_student": true, "bio": "", "profile_image": "", "groups": [], "user_permissions": []}}, {"model": "lms.customuser", "fields": {"password": "pbkdf2_sha256$1000000$VMYu3GPPED0VLp5amY6sV2$7a9EmQGzOnNcThIFJtod1xpP2V4zVg4+TCabuPYcwfU=", "last_login": null, "is_superuser": false, "username": "sara", "first_name": "", "last_name": "", "email": "", "is_staff": false, "is_active": true, "date_joined": "2025-11-08T18:23:53.984Z", "is_instructor": true, "is_student": false, "bio": "", "profile_image": "", "groups": [], "user_permissions": []}}, {"model": "lms.customuser", "fields": {"password": "pbkdf2_sha256$1000000$KstZzzTnkqCOxNzMwFRk5p$jGUz+CyGV5oxkKUbD1OZbExVFKlsGVTBjcDZ5IF9uN4=", "last_login": null, "is_superuser": false, "username": "mark", "first_name": "", "last_name": "", "email": "", "is_staff": false, "is_active": true, "date_joined": "2025-11-08T18:23:55.439Z", "is_instructor": true, "is_student": false, "bio": "", "profile_image": "", "groups": [], "user_permissions": []}}, {"model": "lms.customuser", "fields": {"password": "pbkdf2_sha256$1000000$OLahB7tDfsQQHN69lGHkct$pH1UQIdLZ7g8nywHlFKCTlMaiErOLD7sJwy5wERlH/M=", "last_login": null, "is_superuser": false, "username": "charlie", "first_name": "", "last_name": "", "email": "", "is_staff": false, "is_active": true, "date_joined": "2025-11-08T18:24:00.112Z", "is_instructor": false, "is_student": true, "bio": "", "profile_image": "", "groups": [], "user_permissions": []}}, {"model": "lms.customuser", "fields": {"password": "pbkdf2_sha256$1000000$wn1GiYwahuaKe0eFMJ6cwq$zHPTX2dKuhcCaXoCFPRnRLsils0uJa2g3sLjQI6V/Dw=", "last_login": null, "is_superuser": false, "username": "john_doe", "first_name": "", "last_name": "", "email": "john@lms.com", "is_staff": false, "is_active": true, "date_joined": "2025-11-24T02:52:22.196Z", "is_instructor": true, "is_student": false, "bio": "", "profile_image": "", "groups": [], "user_permissions": []}}, {"model": "lms.customuser", "fields": {"password": "pbkdf2_sha256$1000000$bQjHkNfeZ08SPpdMTYI3ob$Ksq1ixHKzbZa6Ms5sgFAcJHW9iHNKVE7AZ+pN44lTss=", "last_login": null, "is_superuser": false, "username": "jane", "first_name": "", "last_name": "", "email": "jane@lms.com", "is_staff": false, "is_active": true, "date_joined": "2025-11-24T02:54:38.665Z", "is_instructor": true, "is_student": false, "bio": "", "profile_image": "", "groups": [], "user_permissions": []}}, {"model": "lms.customuser", "fields": {"password": "pbkdf2_sha256$1000000$R5QPbarsEpiBvyaUqVkTRn$H0S0gX6cLUYzVmwNyTVfEAW9crCDCtR6DDANj+ER9Z8=", "last_login": null, "is_superuser": false, "username": "alice_w", "first_name": "", "last_name": "", "email": "alice@student.com", "is_staff": false, "is_active": true, "date_joined": "2025-11-24T02:55:16.026Z", "is_instructor": false, "is_student": true, "bio": "", "profile_image": "", "groups": [], "user_permissions": []}}, {"model": "lms.customuser", "fields": {"password": "pbkdf2_sha256$1000000$6nZkItDJ3oS6RqDXFY6CNg$6gi8VsHInLfG1almOwdaLRX3oh9E9YJF2cuduTQ1R/8=", "last_login": null, "is_superuser": false, "username": "bob_m", "first_name": "", "last_name": "", "email": "bob@student.com", "is_staff": false, "is_active": true, "date_joined": "2025-11-24T02:55:47.478Z", "is_instructor": false, "is_student": true, "bio": "", "profile_image": "", "groups": [], "user_permissions": []}}, {"model": "lms.customuser", "fields": {"password": "pbkdf2_sha256$1000000$5WrJj9rTLy4h0atA29zBHq$/16rjvgBV2IGMGrz9HNDGJpWI0RU4TzHG89ehOfyBgY=", "last_login": null, "is_superuser": false, "username": "charlie_w", "first_name": "", "last_name": "", "email": "charlie@student.com", "is_staff": false, "is_active": true, "date_joined": "2025-11-24T02:56:04.459Z", "is_instructor": false, "is_student": true, "bio": "", "profile_image": "", "groups": [], "user_permissions": []}}, {"model": "lms.customuser", "fields": {"password": "pbkdf2_sha256$1000000$3PB2OOxA6yn6BgoxELeWbL$fW9YQrGpyxnbc0hQACISeyOQ9MKOWDyFk2YQj0VjLcw=", "last_login": null, "is_superuser": false, "username": "dana_r", "first_name": "", "last_name": "", "email": "dana@student.com", "is_staff": false, "is_active": true, "date_joined": "2025-11-24T02:56:17.106Z", "is_instructor": false, "is_student": true, "bio": "", "profile_image": "", "groups": [], "user_permissions": []}}, {"model": "lms.category", "pk": 4, "fields": {"name": "Programming", "description": "Learn coding, Python, Java, etc"}}, {"model": "lms.category", "pk": 5, "fields": {"name": "Data Science", "description": "Data Analysis, ML , AI"}}, {"model": "lms.category", "pk": 6, "fields": {"name": "Web Development", "description": "Frontend and backend web courses"}}, {"model": "lms.course", "pk": 4, "fields": {"title": "Python for Beginners", "description": "Learn Python from scratch", "price": "500.00", "category": 4, "instructor": ["john_doe"], "thumbnail": "course_img/python.png", "created_at": "2025-11-24T03:31:16.732Z", "updated_at": "2025-11-25T19:45:01.305Z", "average_rating": "4.5"}}, {"model": "lms.course", "pk": 5, "fields": {"title": "Advanced Python", "description": "Learn Python from scratch", "price": "800.00", "category": 4, "instructor": ["john_doe"], "thumbnail": "course_img/advance_python.png", "created_at": "2025-11-24T03:33:02.349Z", "updated_at": "2025-11-25T20:06:45.801Z", "average_rating": "5.0"}}, {"model": "lms.course", "pk": 6, "fields": {"title": "Data Science 101", "description": "Introduction to Data Science", "price": "700.00", "category": 5, "instructor": ["john_doe"], "thumbnail": "course_img/data_science_101.jpg", "created_at": "2025-11-24T03:43:39.315Z", "updated_at": "2025-11-25T20:00:32.813Z", "average_rating": "4.7"}}, {"model": "lms.course", "pk": 7, "fields": {"title": "Machine Learning Basic", "description": "Learn ML concepts and Algorithms", "price": "1000.00", "category": 5, "instructor": ["john_doe"], "thumbnail": "course_img/machine_learning-basics.jpg", "created_at": "2025-11-24T03:48:25.008Z", "updated_at": "2025-11-25T19:47:34.059Z", "average_rating": "4.0"}}, {"model": "lms.course", "pk": 8, "fields": {"title": "FullStack Web Development", "description": "Frontend + Backend Web Development", "price": "1200.00", "category": 6, "instructor": ["john_doe"], "thumbnail": "course_img/fullstack_web.png", "created_at": "2025-11-24T03:53:09.275Z", "updated_at": "2025-11-25T20:02:34.335Z", "average_rating": "5.0"}}, {"model": "lms.course", "pk": 9, "fields": {"title": "React for Beginners", "description": "Learn React.js for modern web apps", "price": "600.00", "category": 6, "instructor": ["john_doe"], "thumbnail": "course_img/react_beginner.png", "created_at": "2025-11-24T03:57:16.176Z", "updated_at": "2025-11-25T19:47:55.421Z", "average_rating": "4.0"}}, {"model": "lms.lesson", "pk": 5, "fields": {"course": 4, "title": "Introduction to Python", "order": 1}}, {"model": "lms.lesson", "pk": 6, "fields": {"course": 4, "title": "Variables and Data Types", "order": 2}}, {"model": "lms.lesson", "pk": 7, "fields": {"course": 4, "title": "Loops and Conditions", "order": 3}}, {"model": "lms.lesson", "pk": 8, "fields": {"course": 4, "title": "Modules and Packages", "order": 5}}, {"model": "lms.lesson", "pk": 9, "fields": {"course": 4, "title": "Files Handing", "order": 6}}, {"model": "lms.lesson", "pk": 10, "fields": {"course": 4, "title": "Error Handling", "order": 7}}, {"model": "lms.lesson", "pk": 13, "fields": {"course": 4, "title": "OOP Advanced", "order": 8}}, {"model": "lms.lesson", "pk": 14, "fields": {"course": 4, "title": "Functions", "order": 4}}, {"model": "lms.lesson", "pk": 15, "fields": {"course": 5, "title": "Decorators and Generators", "order": 1}}, {"model": "lms.lesson", "pk": 16, "fields": {"course": 5, "title": "Context Managers (with statement)", "order": 2}}, {"model": "lms.lesson", "pk": 17, "fields": {"course": 5, "title": "Metaclasses and Descriptors", "order": 3}}, {"model": "lms.lesson", "pk": 18, "fields": {"course": 5, "title": "Async IO with asyncio", "order": 4}}, {"model": "lms.lesson", "pk": 19, "fields": {"course": 5, "title": "Testing with pytest", "order": 5}}, {"model": "lms.lesson", "pk": 20, "fields": {"course": 5, "title": "Virtual Environments and Packaging", "order": 6}}, {"model": "lms.lesson", "pk": 21, "fields": {"course": 5, "title": "Introduction to C Extensions", "order": 7}}, {"model": "lms.lesson", "pk": 22, "fields": {"course": 5, "title": "Memory Management in CPython", "order": 8}}, {"model": "lms.lesson", "pk": 23, "fields": {"course": 5, "title": "Advanced Data Structures (collections)", "order": 9}}, {"model": "lms.lesson", "pk": 24, "fields": {"course": 5, "title": "Project: Building a Command Line Tool", "order": 10}}, {"model": "lms.content", "pk": 1, "fields": {"lesson": 5, "type": "video", "order": 1, "data": {"url": "videos/python_intro.mp4", "duration": "08:42"}, "created_at": "2025-12-03T11:26:21.038Z"}}, {"model": "lms.content", "pk": 2, "fields": {"lesson": 5, "type": "text", "order": 2, "data": {"title": "What is Python?", "body": "Python is a versatile, high-level programming language used for web development, automation, and data science."}, "created_at": "2025-12-03T11:26:50.587Z"}}, {"model": "lms.content", "pk": 3, "fields": {"lesson": 5, "type": "quiz", "order": 3, "data": {"questions": [{"question": "Python is mainly known as?", "options": ["Low-level language", "High-level language", "Database", "Framework"], "answer": 1}]}, "created_at": "2025-12-03T11:27:21.321Z"}}, {"model": "lms.content", "pk": 4, "fields": {"lesson": 15, "type": "video", "order": 1, "data": {"url": "videos/decorators_intro.mp4", "duration": "12:10"}, "created_at": "2025-12-03T14:28:38.539Z"}}, {"model": "lms.content", "pk": 5, "fields": {"lesson": 15, "type": "video", "order": 1, "data": {"url": "videos/decorators_intro.mp4", "duration": "12:10"}, "created_at": "2025-12-03T14:31:47.106Z"}}, {"model": "lms.content", "pk": 6, "fields": {"lesson": 15, "type": "quiz", "order": 3, "data": {"questions": [{"question": "Decorators in Python are implemented using?", "options": ["Classes", "Loops", "Functions", "Modules"], "answer": 2}]}, "created_at": "2025-12-03T14:34:28.903Z"}}, {"model": "lms.content", "pk": 7, "fields": {"lesson": 6, "type": "video", "order": 1, "data": {"url": "videos/variables_datatypes.mp4", "duration": "09:55"}, "created_at": "2025-12-03T14:34:50.795Z"}}, {"model": "lms.content", "pk": 8, "fields": {"lesson": 6, "type": "text", "order": 2, "data": {"title": "Variables and Types", "body": "Python supports primitive types like int, float, string, bool, as well as complex types."}, "created_at": "2025-12-03T14:35:07.491Z"}}, {"model": "lms.content", "pk": 9, "fields": {"lesson": 6, "type": "quiz", "order": 3, "data": {"questions": [{"question": "Which of the following is NOT a Python data type?", "options": ["list", "tuple", "dict", "character"], "answer": 3}]}, "created_at": "2025-12-03T14:35:40.364Z"}}, {"model": "lms.content", "pk": 10, "fields": {"lesson": 16, "type": "video", "order": 1, "data": {"url": "videos/context_managers.mp4", "duration": "11:45"}, "created_at": "2025-12-03T14:35:57.933Z"}}, {"model": "lms.content", "pk": 11, "fields": {"lesson": 16, "type": "text", "order": 2, "data": {"title": "Context Managers", "body": "Context managers allow safe resource handling using the 'with' statement."}, "created_at": "2025-12-03T14:36:18.886Z"}}, {"model": "lms.content", "pk": 12, "fields": {"lesson": 16, "type": "quiz", "order": 3, "data": {"questions": [{"question": "Which method must a context manager define?", "options": ["__with__", "__close__", "__enter__", "__loop__"], "answer": 2}]}, "created_at": "2025-12-03T14:36:41.015Z"}}, {"model": "lms.content", "pk": 13, "fields": {"lesson": 7, "type": "video", "order": 1, "data": {"url": "videos/loops_conditions.mp4", "duration": "10:12"}, "created_at": "2025-12-03T14:37:41.674Z"}}, {"model": "lms.content", "pk": 14, "fields": {"lesson": 7, "type": "text", "order": 2, "data": {"title": "Loops and Conditions", "body": "Loops allow repeated execution, and conditionals allow branching logic."}, "created_at": "2025-12-03T14:39:16.533Z"}}, {"model": "lms.content", "pk": 15, "fields": {"lesson": 7, "type": "quiz", "order": 3, "data": {"questions": [{"question": "Which loop runs until a condition becomes false?", "options": ["for", "while", "loop", "iterate"], "answer": 1}]}, "created_at": "2025-12-03T14:39:35.368Z"}}, {"model": "lms.content", "pk": 16, "fields": {"lesson": 17, "type": "video", "order": 1, "data": {"url": "videos/metaclasses_descriptors.mp4", "duration": "14:32"}, "created_at": "2025-12-03T14:39:50.611Z"}}, {"model": "lms.content", "pk": 17, "fields": {"lesson": 17, "type": "quiz", "order": 3, "data": {"questions": [{"question": "Descriptors must define which method?", "options": ["__get__", "__del__", "__ref__", "__attr__"], "answer": 0}]}, "created_at": "2025-12-03T14:40:45.100Z"}}, {"model": "lms.content", "pk": 18, "fields": {"lesson": 14, "type": "video", "order": 1, "data": {"url": "videos/functions.mp4", "duration": "09:03"}, "created_at": "2025-12-03T14:41:17.624Z"}}, {"model": "lms.content", "pk": 19, "fields": {"lesson": 14, "type": "video", "order": 1, "data": {"url": "videos/functions.mp4", "duration": "09:03"}, "created_at": "2025-12-03T14:43:33.954Z"}}, {"model": "lms.content", "pk": 20, "fields": {"lesson": 14, "type": "text", "order": 2, "data": {"title": "Functions", "body": "Functions allow reusable blocks of code. They can take parameters and return values."}, "created_at": "2025-12-03T14:44:03.254Z"}}, {"model": "lms.enrollment", "pk": 2, "fields": {"student": ["alice_w"], "course": 4, "enrolled_at": "2025-11-25T13:00:37.126Z"}}, {"model": "lms.enrollment", "pk": 4, "fields": {"student": ["alice_w"], "course": 5, "enrolled_at": "2025-11-25T15:22:19.266Z"}}, {"model": "lms.enrollment", "pk": 5, "fields": {"student": ["alice_w"], "course": 6, "enrolled_at": "2025-11-25T16:37:35.836Z"}}, {"model": "lms.enrollment", "pk": 8, "fields": {"student": ["bob_m"], "course": 4, "enrolled_at": "2025-11-25T18:16:01.277Z"}}, {"model": "lms.enrollment", "pk": 9, "fields": {"student": ["bob_m"], "course": 7, "enrolled_at": "2025-11-25T18:25:59.859Z"}}, {"model": "lms.enrollment", "pk": 10, "fields": {"student": ["bob_m"], "course": 9, "enrolled_at": "2025-11-25T18:26:45.968Z"}}, {"model": "lms.enrollment", "pk": 11, "fields": {"student": ["charlie_w"], "course": 5, "enrolled_at": "2025-11-25T18:27:04.091Z"}}, {"model": "lms.enrollment", "pk": 12, "fields": {"student": ["charlie_w"], "course": 6, "enrolled_at": "2025-11-25T18:27:47.314Z"}}, {"model": "lms.enrollment", "pk": 13, "fields": {"student": ["charlie_w"], "course": 8, "enrolled_at": "2025-11-25T18:28:00.596Z"}}, {"model": "lms.enrollment", "pk": 14, "fields": {"student": ["dana_r"], "course": 4, "enrolled_at": "2025-11-25T18:28:15.125Z"}}, {"model": "lms.enrollment", "pk": 15, "fields": {"student": ["dana_r"], "course": 7, "enrolled_at": "2025-11-25T18:28:30.608Z"}}, {"model": "lms.enrollment", "pk": 16, "fields": {"student": ["dana_r"], "course": 9, "enrolled_at": "2025-11-25T18:28:42.601Z"}}, {"model": "lms.review", "pk": 1, "fields": {"student": ["alice_w"], "course": 4, "rating": 5, "comment": "Great Introduction to Python", "created_at": "2025-11-25"}}, {"model": "lms.review", "pk": 2, "fields": {"student": ["alice_w"], "course": 5, "rating": 5, "comment": "Advanced topics explained clearly", "created_at": "2025-11-25"}}, {"model": "lms.review", "pk": 3, "fields": {"student": ["alice_w"], "course": 6, "rating": 4, "comment": "Excellent ML concepts for beginners", "created_at": "2025-11-25"}}, {"model": "lms.review", "pk": 4, "fields": {"student": ["alice_w"], "course": 6, "rating": 5, "comment": "Learned so much about data analysis", "created_at": "2025-11-25"}}, {"model": "lms.review", "pk": 5, "fields": {"student": ["bob_m"], "course": 4, "rating": 4, "comment": "Very Helpful for beginners", "created_at": "2025-11-25"}}, {"model": "lms.review", "pk": 6, "fields": {"student": ["bob_m"], "course": 7, "rating": 4, "comment": "Good Course, easy to follow", "created_at": "2025-11-25"}}, {"model": "lms.review", "pk": 7, "fields": {"student": ["bob_m"], "course": 9, "rating": 4, "comment": "Concepts are clear and Practical", "created_at": "2025-11-25"}}, {"model": "lms.review", "pk": 8, "fields": {"student": ["charlie_w"], "course": 6, "rating": 5, "comment": "Good Practical Exercises", "created_at": "2025-11-25"}}, {"model": "lms.review", "pk": 9, "fields": {"student": ["charlie_w"], "course": 8, "rating": 5, "comment": "Helpful explanations for beginners.", "created_at": "2025-11-25"}}, {"model": "lms.review", "pk": 10, "fields": {"student": ["charlie_w"], "course": 5, "rating": 5, "comment": "Could add more examples.", "created_at": "2025-11-25"}}, {"model": "token_blacklist.outstandingtoken", "pk": 1, "fields": {"user": ["admin"], "jti": "7cb39a75d8b447f5bb996bb5865010cb", "token": "eyJhbGciOiJIUzI1NiIsInR5cCI6IkpXVCJ9.eyJ0b2tlbl90eXBlIjoicmVmcmVzaCIsImV4cCI6MTc2MzIyNDIxNywiaWF0IjoxNzYyNjE5NDE3LCJqdGkiOiI3Y2IzOWE3NWQ4YjQ0N2Y1YmI5OTZiYjU4NjUwMTBjYiIsInVzZXJfaWQiOiIxIn0.6qAZH-uKhC_XimmlZy9FVKW0eYPy_va09mcKsRWp0PQ", "created_at": "2025-11-08T16:30:17.802Z", "expires_at": "2025-11-15T16:30:17Z"}}, {"model": "token_blacklist.outstandingtoken", "pk": 2, "fields": {"user": ["admin"], "jti": "b4dd2b97d56a458b80f1d62819b84172", "token": "eyJhbGciOiJIUzI1NiIsInR5cCI6IkpXVCJ9.eyJ0b2tlbl90eXBlIjoicmVmcmVzaCIsImV4cCI6MTc2NTcyNzkwMywiaWF0IjoxNzYzMTM1OTAzLCJqdGkiOiJiNGRkMmI5N2Q1NmE0NThiODBmMWQ2MjgxOWI4NDE3MiIsInVzZXJfaWQiOiIxIn0.v3t0IH39gMN6NG7cxZg5Y4g3zVzP8DJcHrPWDOvtjWc", "created_at": "2025-11-14T15:58:23.857Z", "expires_at": "2025-12-14T15:58:23Z"}}, {"model": "token_blacklist.outstandingtoken", "pk": 3, "fields": {"user": ["john_doe"], "jti": "a66140b698b3475a866ba89fdf59b958", "token": "eyJhbGciOiJIUzI1NiIsInR5cCI6IkpXVCJ9.eyJ0b2tlbl90eXBlIjoicmVmcmVzaCIsImV4cCI6MTc2NjU0NTc2OCwiaWF0IjoxNzYzOTUzNzY4LCJqdGkiOiJhNjYxNDBiNjk4YjM0NzVhODY2YmE4OWZkZjU5Yjk1OCIsInVzZXJfaWQiOiI4In0.Kv1aSFtJwJLQIw6Iyh-ato0dRhaSNEM9FtzGlh542ZM", "created_at": "2025-11-24T03:09:28.438Z", "expires_at": "2025-12-24T03:09:28Z"}}, {"model": "token_blacklist.outstandingtoken", "pk": 4, "fields": {"user": ["jane"], "jti": "ce9e51b6baec405cb0a131b20139b7fc", "token": "eyJhbGciOiJIUzI1NiIsInR5cCI6IkpXVCJ9.eyJ0b2tlbl90eXBlIjoicmVmcmVzaCIsImV4cCI6MTc2NjY2NzcyMCwiaWF0IjoxNzY0MDc1NzIwLCJqdGkiOiJjZTllNTFiNmJhZWM0MDVjYjBhMTMxYjIwMTM5YjdmYyIsInVzZXJfaWQiOiI5In0.UL59pb6_ytbgnCV5UnqjottOfu68fSIg5Z_R7i3uEls", "created_at": "2025-11-25T13:02:00.562Z", "expires_at": "2025-12-25T13:02:00Z"}}, {"model": "token_blacklist.outstandingtoken", "pk": 5, "fields": {"user": ["alice_w"], "jti": "028b3dfff3ea4927aaad1f0483d6a003", "token": "eyJhbGciOiJIUzI1NiIsInR5cCI6IkpXVCJ9.eyJ0b2tlbl90eXBlIjoicmVmcmVzaCIsImV4cCI6MTc2NjY2Nzc2MiwiaWF0IjoxNzY0MDc1NzYyLCJqdGkiOiIwMjhiM2RmZmYzZWE0OTI3YWFhZDFmMDQ4M2Q2YTAwMyIsInVzZXJfaWQiOiIxMCJ9.Fcza8Q9g7klWDY23yyfV-GH4OVh4iGsbn4FvZcKi8No", "created_at": "2025-11-25T13:02:42.802Z", "expires_at": "2025-12-25T13:02:42Z"}}, {"model": "token_blacklist.outstandingtoken", "pk": 6, "fields": {"user": ["bob_m"], "jti": "47e356758c054291a0f5fa93affb2905", "token": "eyJhbGciOiJIUzI1NiIsInR5cCI6IkpXVCJ9.eyJ0b2tlbl90eXBlIjoicmVmcmVzaCIsImV4cCI6MTc2NjY5MTcyMCwiaWF0IjoxNzY0MDk5NzIwLCJqdGkiOiI0N2UzNTY3NThjMDU0MjkxYTBmNWZhOTNhZmZiMjkwNSIsInVzZXJfaWQiOiIxMSJ9.KbVdfntu-ujknEIRwOJmtMPcsKrSb1U5ozzUr1MwdL0", "created_at": "2025-11-25T19:42:00.707Z", "expires_at": "2025-12-25T19:42:00Z"}}, {"model": "token_blacklist.outstandingtoken", "pk": 7, "fields": {"user": ["charlie_w"], "jti": "9f8e901474774adb985f1cccdabd3670", "token": "eyJhbGciOiJIUzI1NiIsInR5cCI6IkpXVCJ9.eyJ0b2tlbl90eXBlIjoicmVmcmVzaCIsImV4cCI6MTc2NjY5Mjc2NSwiaWF0IjoxNzY0MTAwNzY1LCJqdGkiOiI5ZjhlOTAxNDc0Nzc0YWRiOTg1ZjFjY2NkYWJkMzY3MCIsInVzZXJfaWQiOiIxMiJ9.4UgK0gYg9XJ2N-1rtLImMuELvpJ8_h0SbEJ9-hcc_H4", "created_at": "2025-11-25T19:59:25.734Z", "expires_at": "2025-12-25T19:59:25Z"}}, {"model": "token_blacklist.outstandingtoken", "pk": 8, "fields": {"user": ["john_doe"], "jti": "1853530001d447d0b9ecb08b4af3d5de", "token": "eyJhbGciOiJIUzI1NiIsInR5cCI6IkpXVCJ9.eyJ0b2tlbl90eXBlIjoicmVmcmVzaCIsImV4cCI6MTc2NzI4OTIxMywiaWF0IjoxNzY0Njk3MjEzLCJqdGkiOiIxODUzNTMwMDAxZDQ0N2QwYjllY2IwOGI0YWYzZDVkZSIsInVzZXJfaWQiOiI4In0.dSC9EBkTpD0a0V5sdvz3BSyUHfdt00DjQ_EZoZhCMso", "created_at": "2025-12-02T17:40:13.784Z", "expires_at": "2026-01-01T17:40:13Z"}}, {"model": "token_blacklist.outstandingtoken", "pk": 9, "fields": {"user": ["alice_w"], "jti": "675fa2fc6b6443d2bf2fbe2536525a98", "token": "eyJhbGciOiJIUzI1NiIsInR5cCI6IkpXVCJ9.eyJ0b2tlbl90eXBlIjoicmVmcmVzaCIsImV4cCI6MTc2NzI4OTQxNiwiaWF0IjoxNzY0Njk3NDE2LCJqdGkiOiI2NzVmYTJmYzZiNjQ0M2QyYmYyZmJlMjUzNjUyNWE5OCIsInVzZXJfaWQiOiIxMCJ9.XM2iL6gNEgbAIAur4qFqR6hTiApdpdJmMKBl_SFcst0", "created_at": "2025-12-02T17:43:36.888Z", "expires_at": "2026-01-01T17:43:36Z"}}]